Username,Email,Password
auroraguarana83,auroraguarana83@example.com,6Rccs9YclP
lorenzorenault33,lorenzorenault33@example.com,wqpigCVZPW
faustomaggioli14,faustomaggioli14@example.com,Cg3LrIWIbt
annettagarozzo19,annettagarozzo19@example.com,Iu0KB1KdtR
gianpaolocagnotto64,gianpaolocagnotto64@example.com,C7oHZgbobd
pompeoluxardo79,pompeoluxardo79@example.com,Hz7OrCrFAX
torquatoantonucci82,torquatoantonucci82@example.com,EdGKvPJZvt
ilariabertoli99,ilariabertoli99@example.com,dIEWx8Wfyj
giacobberapisardi92,giacobberapisardi92@example.com,4yXAhCoYFD
fabiobalbi79,fabiobalbi79@example.com,DgsiWvhGCh
donatellomercadante49,donatellomercadante49@example.com,E9iQxAvUj6
marcellaverdi51,marcellaverdi51@example.com,BH6URJtWY8
amaliamorpurgo17,amaliamorpurgo17@example.com,VmdjLOGeQ7
donatelloagnesi33,donatelloagnesi33@example.com,Hb6HDjqaaG
elisacattaneo43,elisacattaneo43@example.com,eYkZSCkWp7
ludovicadonatoni82,ludovicadonatoni82@example.com,OxlW4eeB0G
bacciobotticelli24,bacciobotticelli24@example.com,lR3XFA6Upr
federicovianello27,federicovianello27@example.com,o7iDZywxkl
pierluigigiammusso48,pierluigigiammusso48@example.com,U7khEogLlE
filippasamele2002,filippasamele12@example.com,D1OcM8Zhmc
